n_genes_by_counts	total_counts	cellrank_n_genes_by_counts	cellrank_total_counts	cell_index
1838	639.5011	515	1	1
1838	578.8919	1818	2	2
1838	511.4415	1958	3	3
1838	461.3901	1558	4	4
1838	388.23987	1118	5	5
1838	361.081	1964	6	6
1838	341.0904	837	7	7
1838	310.5556	1269	8	8
1838	308.1949	2295	9	9
1838	300.4162	597	10	10
1838	297.8435	2189	11	11
1838	289.59262	286	12	12
1838	285.02502	1142	13	13
1838	283.5684	1181	14	14
1838	279.20764	1243	15	15
